avg_weatherdelay,avg_nasdelay,avg_securitydelay,avg_lateaircraftdelay,avg_carrierdelay
0.6601395737834769,3.367533606438454,0.019752552868135938,3.6632246103826627,3.0028137707272613
