dayofweek,avg_arrdelay
6,3.30107183028373
2,5.367869107677755
7,6.454012459152424
3,7.556945632637684
1,7.860760504795165
5,9.51446834700771
4,9.672331873660491
